id;name;kingdom_id;rarity;mana;type;spell_type;color1;color2;color3
1128;Императорская драгоценность;3019;Легендарный;20;Украшения;Маг;All;;
1091;Призмосфера;3009;Легендарный;18;Украшения;Поддержка;All;;
1426;Жезл звезд;3080;Легендарный;18;Посохи;Генератор;All;;
1257;Обреченный Топор;3024;Бедственный;18;Топоры;Маг;желтый;;
1053;Дисгармония Орфея;3025;Легендарный;12;Мечи;Чародей;желтый;;
1277;Громовая птица;3023;Мифический;14;Снаряды;Разрушитель;желтый;;
1149;Лютня Орфея;3003;Мифический;10;Реликвия;Поддержка;желтый;;
1073;Посох небожителя;3014;Редчайший;10;Посохи;Поддержка;желтый;;
1341;Подвеска Дракона;3019;Эпический;9;Украшения;Воин;желтый;;
1049;Истребитель драконов;3024;Эпический;10;Древковые;Разрушитель;желтый;;
1325;Лютня Долины;3003;Эпический;9;Реликвия;Воин;желтый;;
1276;Выкашивание в кашу;3037;Эпический;12;Косы;Разрушитель;желтый;;
1171;Меч света;3023;Эпический;13;Мечи;Ассасин;желтый;;
1343;Рунный камень Серебристой Поляны;3009;Эпический;9;Реликвия;Воин;желтый;;
1340;Кулон Империи;3025;Эпический;9;Украшения;Воин;желтый;;
1112;Пробитая броня;3005;Легендарный;12;Реликвия;Поддержка;желтый;;
1595;Барьер беды;3024;Бедственный;18;Щиты;Защитник;желтый;;
1012;Солнечный дротик;3030;Редкий;9;Снаряды;Разрушитель;желтый;;
1003;Охотничье копье;3005;Обычный;5;Древковые;Разрушитель;желтый;;
1106;Солнечный шакрам;3005;Эпический;10;Снаряды;Маг;желтый;;
1093;Гаечный суперключ 5000;3001;Эпический;12;Реликвия;Поддержка;желтый;;
1183;Писание Беды;3014;Бедственный;18;Фолианты;Генератор;желтый;;
1445;Копье разрушителя проклятий;3036;Бедственный;16;Снаряды;Разрушитель;желтый;;
1473;Пистолет Розы;3026;Эпический;10;Снаряды;Разрушитель;желтый;;
1606;Ветвь Вираго;3015;Мифический;20;Посохи;Генератор;желтый;;
1008;Ледяная глефа;3035;Редкий;8;Древковые;Разрушитель;желтый;;
1042;Молния;3013;Эпический;12;Снаряды;Разрушитель;желтый;;
1607;Разрядный меч Титания;3001;Мифический;20;Мечи;Разрушитель;желтый;;
1254;Танцующие кинжалы;3024;Мифический;14;Кинжалы;Маг;желтый;;
1457;Сай беды;3023;Бедственный;18;Кинжалы;Ассасин;желтый;;
1034;Божественная пика;3019;Редчайший;9;Древковые;Разрушитель;желтый;;
1300;Молот Беды;3000;Бедственный;18;Молоты;Разрушитель;желтый;;
1027;Дротик войны;3004;Редчайший;11;Снаряды;Разрушитель;желтый;;
1278;Шипастый цеп;3030;Мифический;15;Молоты;Разрушитель;желтый;;
1038;Холодная душа;3010;Эпический;12;Древковые;Разрушитель;желтый;;
1245;Обреченная Статуя;3011;Бедственный;18;Реликвия;Поддержка;желтый;;
1163;Посох света;3030;Эпический;13;Посохи;Разрушитель;желтый;;
1566;Копье беды;3019;Бедственный;18;Древковые;Разрушитель;желтый;;
1023;Штормовая глефа;3013;Редчайший;10;Древковые;Разрушитель;желтый;;
1331;Щит Лезвия;3006;Эпический;9;Щиты;Воин;желтый;;
1520;Обещание Беды;3025;Бедственный;18;Украшения;Поддержка;желтый;;
1382;Средоточие беды;3019;Бедственный;18;Посохи;Генератор;желтый;;
1067;Вечное пламя;3028;Эпический;8;Реликвия;Генератор;желтый;;
1019;Пронзающая пика;3008;Редкий;7;Древковые;Разрушитель;желтый;;
1141;Посох святой Астры;3014;Мифический;14;Посохи;Поддержка;желтый;;
1535;Привратник;3021;Легендарный;14;Посохи;Генератор;желтый;коричневый;
1553;Лисий клык;3084;Легендарный;14;Кинжалы;Генератор;желтый;коричневый;
1394;Зуб Импирины;3012;Легендарный;14;Кинжалы;Разрушитель;желтый;коричневый;
1155;Корона Урскограда;3010;Легендарный;13;Украшения;Генератор;желтый;коричневый;
1434;Коса Кристы;3080;Легендарный;14;Косы;Генератор;желтый;коричневый;
1273;Камнелет;3023;Легендарный;13;Молоты;Ассасин;желтый;коричневый;
1577;Зуб змея;3016;Легендарный;14;Кинжалы;Разрушитель;желтый;коричневый;
1460;Расплавленный оберег;3000;Легендарный;14;Щиты;Защитник;желтый;коричневый;
1083;Священный символ;3014;Легендарный;14;Реликвия;Ассасин;желтый;коричневый;
1586;Магическое лезвие;3085;Легендарный;14;Кинжалы;Разрушитель;желтый;коричневый;
1285;Норбертова репка;3004;Легендарный;14;Кинжалы;Генератор;желтый;коричневый;
1206;Пламень;3000;Легендарный;14;Луки;Генератор;желтый;коричневый;
1470;Кинжал короля;3025;Легендарный;14;Кинжалы;Генератор;желтый;коричневый;
1305;Жнец Душ;3021;Легендарный;14;Косы;Генератор;желтый;коричневый;
1234;Первобытный топор;3027;Легендарный;14;Топоры;Генератор;желтый;коричневый;
1189;Топор механизма;3001;Легендарный;14;Топоры;Генератор;желтый;коричневый;
1410;Сердце огненного бога;3000;Легендарный;14;Посохи;Генератор;желтый;коричневый;
1125;Клинок песков;3024;Легендарный;11;Кинжалы;Разрушитель;желтый;коричневый;
1223;Корона стражей;3014;Легендарный;14;Украшения;Защитник;желтый;коричневый;
1579;Пылающая гордость;3005;Легендарный;14;Топоры;Генератор;желтый;коричневый;
1126;Пыль и Песок;3024;Легендарный;11;Мечи;Чародей;желтый;коричневый;
1353;Аранейское цветение;3029;Легендарный;14;Посохи;Генератор;желтый;коричневый;
1486;Зеркальный щит;3016;Легендарный;12;Щиты;Поддержка;желтый;коричневый;
1493;Зуб Диких;3003;Легендарный;14;Мечи;Генератор;желтый;коричневый;
1545;Удар-пером;3023;Легендарный;14;Кинжалы;Разрушитель;желтый;коричневый;
1271;Летняя Эгида;3002;Легендарный;14;Щиты;Генератор;желтый;пурпурный;
1570;Крыло Аматиэль;3014;Легендарный;14;Луки;Разрушитель;желтый;пурпурный;
1555;Пандасский жезл;3030;Легендарный;14;Посохи;Генератор;желтый;пурпурный;
1151;Изумрудная слеза;3009;Легендарный;12;Украшения;Защитник;желтый;пурпурный;
1575;Утерянная Песнь;3003;Легендарный;14;Кинжалы;Генератор;желтый;пурпурный;
1177;Душа Затеноса;3007;Легендарный;15;Украшения;Чародей;желтый;пурпурный;
1462;Аметистовое кольцо;3015;Легендарный;14;Украшения;Генератор;желтый;пурпурный;
1408;Призматический посох;3003;Легендарный;14;Посохи;Маг;желтый;пурпурный;
1296;Посох Безумия;3030;Легендарный;14;Посохи;Чародей;желтый;пурпурный;
1362;Теневой выстрел;3007;Легендарный;14;Луки;Чародей;желтый;пурпурный;
1314;Янтарный протазан;3036;Легендарный;14;Древковые;Генератор;желтый;пурпурный;
1100;Солнце и луна;3009;Легендарный;16;Посохи;Маг;желтый;пурпурный;
1190;Лук элементалей;3015;Легендарный;14;Луки;Генератор;желтый;пурпурный;
1439;Умбральный фолиант;3080;Легендарный;14;Фолианты;Маг;желтый;пурпурный;
1507;Вороний Скипетр;3011;Легендарный;14;Посохи;Генератор;желтый;пурпурный;
1501;Фолиант Лисьего Пламени;3084;Легендарный;14;Фолианты;Разрушитель;желтый;пурпурный;
1589;Спинорез;3026;Легендарный;14;Мечи;Разрушитель;желтый;пурпурный;
1416;Сдвоенные Когти;3005;Легендарный;14;Булавы;Генератор;желтый;пурпурный;
1179;Фестивальный посох;3030;Легендарный;14;Посохи;Генератор;желтый;пурпурный;
1204;Золотое Солнце;3025;Легендарный;13;Щиты;Разрушитель;желтый;пурпурный;
1078;Ловец снов;3028;Легендарный;15;Реликвия;Маг;желтый;пурпурный;
1317;Оберег порчи;3021;Легендарный;14;Щиты;Защитник;желтый;пурпурный;
1320;Ожерелье Зул'Кари;3029;Эпический;9;Украшения;Воин;зеленый;;
1255;Летнее чудо;3002;Мифический;14;Посохи;Маг;зеленый;;
1248;Обреченная Глефа;3008;Бедственный;18;Древковые;Маг;зеленый;;
1515;Молот Природы;3015;Редчайший;8;Молоты;Разрушитель;зеленый;;
1345;Эгида Урскограда;3010;Эпический;9;Щиты;Воин;зеленый;;
1011;Арбалет феникса;3023;Редкий;9;Луки;Разрушитель;зеленый;;
1070;Трещотка;3027;Эпический;12;Реликвия;Поддержка;зеленый;;
1169;Меч природы;3009;Эпический;13;Мечи;Ассасин;зеленый;;
1029;Предательский лук;3008;Редчайший;10;Луки;Разрушитель;зеленый;;
1217;Посох из огненного рубина;3027;Мифический;13;Посохи;Маг;зеленый;;
1346;Трезубец Мерлантиса;3036;Эпический;9;Древковые;Воин;зеленый;;
1097;Природная ярость;3011;Эпический;12;Посохи;Разрушитель;зеленый;;
1044;Орлиный глаз;3002;Эпический;11;Луки;Разрушитель;зеленый;;
1399;Разбей-фляга;3007;Редчайший;10;Реликвия;Разрушитель;зеленый;;
1443;Лук разрушителя проклятий;3015;Бедственный;16;Луки;Разрушитель;зеленый;;
1144;Паучий тотем;3029;Мифический;12;Украшения;Чародей;зеленый;;
1564;Фошард беды;3008;Бедственный;18;Древковые;Разрушитель;зеленый;;
1181;Манускрипт Беды;3030;Бедственный;18;Фолианты;Генератор;зеленый;;
1593;Баклер беды;3000;Бедственный;18;Щиты;Защитник;зеленый;;
1419;Бастион воли;3005;Редчайший;9;Щиты;Защитник;зеленый;;
1001;Лук разведчика;3028;Обычный;5;Луки;Разрушитель;зеленый;;
1420;Клинок медузы;3016;Редчайший;10;Мечи;Разрушитель;зеленый;;
1608;Решетка Ледовии;3011;Мифический;20;Посохи;Генератор;зеленый;;
1476;Коготь Теневого Охотника;3005;Эпический;12;Кинжалы;Разрушитель;зеленый;;
1380;Прут беды;3003;Бедственный;18;Посохи;Генератор;зеленый;;
1054;Лук Ясмин;3015;Легендарный;13;Луки;Разрушитель;зеленый;;
1098;Взрывное яйцо;3019;Легендарный;15;Реликвия;Генератор;зеленый;;
1014;Бузинный лук;3015;Редкий;8;Луки;Разрушитель;зеленый;;
1508;Духовный выстрел;3084;Мифический;14;Луки;Ассасин;зеленый;;
1062;Клык василиска;3016;Легендарный;13;Кинжалы;Разрушитель;зеленый;;
1344;Дротик Солнечного Кряжа;3023;Эпический;9;Снаряды;Воин;зеленый;;
1429;Звезда Натуры;3080;Эпический;9;Снаряды;Воин;зеленый;;
1455;Нож беды;3002;Бедственный;18;Кинжалы;Ассасин;зеленый;;
1298;Дробильщик Беды;3004;Бедственный;18;Молоты;Разрушитель;зеленый;;
1329;Копье Прайда;3005;Эпический;9;Древковые;Воин;зеленый;;
1518;Петля Беды;3016;Бедственный;18;Украшения;Поддержка;зеленый;;
1368;Замок-камень;3018;Эпический;13;Реликвия;Чародей;зеленый;;
1220;Эссенция зла;3022;Мифический;15;Реликвия;Генератор;зеленый;;
1138;Драконий дуб;3015;Мифический;14;Луки;Разрушитель;зеленый;;
1026;Арбалет изгнания;3027;Редчайший;11;Луки;Разрушитель;зеленый;;
1335;Посох Диких;3027;Эпический;9;Посохи;Воин;зеленый;;
1260;Зелья Беды;3029;Бедственный;18;Реликвия;Поддержка;зеленый;;
1041;Меткий выстрел;3028;Эпический;14;Луки;Разрушитель;зеленый;;
1161;Посох природы;3036;Эпический;13;Посохи;Разрушитель;зеленый;;
1376;Анкх Нефертани;3035;Легендарный;14;Реликвия;Поддержка;зеленый;;
1065;Клинки Сильвази;3003;Эпический;14;Мечи;Разрушитель;зеленый;;
1361;Эфирный щит;3009;Легендарный;10;Щиты;Защитник;зеленый;желтый;
1130;Рунический клинок;3012;Легендарный;12;Мечи;Воин;зеленый;желтый;
1502;Выстрел исподтишка;3084;Легендарный;14;Луки;Разрушитель;зеленый;желтый;
1359;Коготь Черногрива;3005;Легендарный;14;Кинжалы;Генератор;зеленый;желтый;
1551;Палица-великаница;3013;Легендарный;14;Булавы;Разрушитель;зеленый;желтый;
1389;Драконьи предания;3019;Легендарный;14;Фолианты;Генератор;зеленый;желтый;
1195;Падающая звезда;3028;Легендарный;13;Луки;Чародей;зеленый;желтый;
1587;Костерез;3020;Легендарный;14;Мечи;Разрушитель;зеленый;желтый;
1085;Лютня фавна;3003;Легендарный;15;Реликвия;Чародей;зеленый;желтый;
1506;Фолиант Ткача;3029;Легендарный;14;Фолианты;Генератор;зеленый;желтый;
1152;Солнечный диск;3023;Легендарный;13;Украшения;Воевода;зеленый;желтый;
1524;Шестернемет;3001;Легендарный;14;Снаряды;Разрушитель;зеленый;желтый;
1372;Кричащий Фолиант;3022;Легендарный;14;Фолианты;Генератор;зеленый;желтый;
1122;Чаша Ясмин;3015;Легендарный;13;Реликвия;Поддержка;зеленый;желтый;
1188;Ледяной кристалл;3011;Легендарный;14;Щиты;Генератор;зеленый;желтый;
1450;Светящееся ядро;3035;Легендарный;14;Реликвия;Генератор;зеленый;желтый;
1288;Фолиант медузы;3016;Легендарный;14;Фолианты;Генератор;зеленый;желтый;
1239;Плетеный Посох;3003;Легендарный;13;Посохи;Поддержка;зеленый;желтый;
1491;Бич богов;3037;Легендарный;14;Фолианты;Генератор;зеленый;желтый;
1578;Обмороженный;3006;Легендарный;14;Мечи;Генератор;зеленый;желтый;
1311;Бусы из зубов;3018;Легендарный;12;Украшения;Поддержка;зеленый;желтый;
1251;Нож из ям;3016;Легендарный;15;Кинжалы;Чародей;зеленый;коричневый;
1409;Мордатая палка;3004;Легендарный;14;Булавы;Разрушитель;зеленый;коричневый;
1576;Щит Отмщения;3014;Легендарный;14;Щиты;Генератор;зеленый;коричневый;
1536;Три могилы;3036;Легендарный;14;Древковые;Генератор;зеленый;коричневый;
1235;Проклятие Кобры;3016;Легендарный;14;Кинжалы;Генератор;зеленый;коричневый;
1211;Каменная Эгида;3012;Легендарный;15;Щиты;Поддержка;зеленый;коричневый;
1191;Клинок с острым лезвием;3006;Легендарный;14;Мечи;Генератор;зеленый;коричневый;
1281;Дубина из когтей;3019;Легендарный;14;Булавы;Генератор;зеленый;коричневый;
1086;Котел;3004;Легендарный;20;Реликвия;Поддержка;зеленый;коричневый;
1423;Топор Пожирания;3007;Легендарный;14;Топоры;Генератор;зеленый;коричневый;
1505;Ядовитый выстрел;3029;Легендарный;14;Луки;Разрушитель;зеленый;коричневый;
1203;Хлыст демона;3035;Легендарный;14;Булавы;Разрушитель;зеленый;коричневый;
1200;Гордость Ясмин;3003;Легендарный;15;Щиты;Поддержка;зеленый;коричневый;
1101;Война и Мир;3012;Легендарный;16;Древковые;Маг;зеленый;коричневый;
1274;Фолиант спор;3004;Легендарный;14;Фолианты;Маг;зеленый;коричневый;
1406;Мистический манускрипт;3002;Легендарный;14;Фолианты;Генератор;зеленый;коричневый;
1310;Медовик;3024;Легендарный;16;Древковые;Разрушитель;зеленый;коричневый;
1483;Искатель камня;3082;Легендарный;14;Луки;Разрушитель;зеленый;коричневый;
1556;Давитель Королей;3006;Легендарный;14;Молоты;Генератор;зеленый;красный;
1268;Шип Шеггры;3000;Легендарный;14;Кинжалы;Генератор;зеленый;красный;
1133;Смертоносные колокольчики;3003;Легендарный;13;Реликвия;Разрушитель;зеленый;красный;
1231;Темнострел;3029;Легендарный;14;Луки;Разрушитель;зеленый;красный;
1116;Секира быка;3027;Легендарный;13;Топоры;Воин;зеленый;красный;
1438;Изумрудный Клинок;3009;Легендарный;14;Мечи;Генератор;зеленый;красный;
1286;Дикий охотник;3028;Легендарный;15;Луки;Ассасин;зеленый;красный;
1197;Полумесяц надежды;3008;Легендарный;15;Топоры;Ассасин;зеленый;красный;
1103;Порядок и Хаос;3006;Легендарный;14;Топоры;Ассасин;зеленый;красный;
1580;Туманный дневник;3009;Легендарный;14;Фолианты;Разрушитель;зеленый;красный;
1295;Звериный коготь;3010;Легендарный;15;Древковые;Разрушитель;зеленый;красный;
1590;Посох тени;3029;Легендарный;14;Посохи;Разрушитель;зеленый;красный;
1552;Молот Стормгарда;3027;Легендарный;14;Молоты;Разрушитель;зеленый;красный;
1088;Огненный коготь;3005;Легендарный;14;Кинжалы;Ассасин;зеленый;красный;
1385;Рубило Миноса;3027;Легендарный;16;Топоры;Генератор;зеленый;красный;
1534;Элементальная ярость;3080;Легендарный;14;Мечи;Генератор;зеленый;красный;
1504;Жезл Двора;3084;Легендарный;14;Посохи;Разрушитель;зеленый;красный;
1375;Кулак Небес;3014;Легендарный;14;Молоты;Генератор;зеленый;красный;
1407;Ледяной сапфир;3011;Легендарный;14;Украшения;Генератор;зеленый;красный;
1178;Палочка феи;3002;Легендарный;12;Посохи;Маг;зеленый;красный;
1246;Кристальная Игла;3009;Легендарный;14;Мечи;Генератор;зеленый;красный;
1392;Урский тесак;3010;Легендарный;14;Топоры;Генератор;зеленый;красный;
1541;Изумрудный жезл;3024;Легендарный;14;Булавы;Разрушитель;зеленый;красный;
1511;Безжалостный защитник;3010;Легендарный;14;Щиты;Генератор;зеленый;пурпурный;
1367;Крушило Бочколома;3035;Легендарный;14;Молоты;Генератор;зеленый;пурпурный;
1077;Проклятый клинок;3029;Легендарный;12;Кинжалы;Разрушитель;зеленый;пурпурный;
1269;Оперенный посох;3023;Легендарный;14;Посохи;Генератор;зеленый;пурпурный;
1571;Изумрудное кадило;3017;Легендарный;14;Булавы;Разрушитель;зеленый;пурпурный;
1440;Палочка матери гоблинов;3004;Легендарный;12;Посохи;Генератор;зеленый;пурпурный;
1201;Плутовской выстрел;3002;Легендарный;15;Луки;Ассасин;зеленый;пурпурный;
1503;Коварный шип;3084;Легендарный;14;Кинжалы;Разрушитель;зеленый;пурпурный;
1232;Сверкающий лук;3023;Легендарный;14;Луки;Генератор;зеленый;пурпурный;
1174;Веер Титании;3002;Легендарный;12;Реликвия;Поддержка;зеленый;пурпурный;
1415;Край Луны;3008;Легендарный;14;Древковые;Разрушитель;зеленый;пурпурный;
1108;Крещендо;3003;Легендарный;15;Реликвия;Маг;зеленый;пурпурный;
1306;Молот Стража;3014;Легендарный;14;Молоты;Генератор;зеленый;пурпурный;
1355;Крысокрюк;3025;Легендарный;14;Кинжалы;Генератор;зеленый;пурпурный;
1481;Бдительный клинок;3082;Легендарный;14;Мечи;Генератор;зеленый;пурпурный;
1371;Жезл эльдразов;3029;Легендарный;14;Посохи;Разрушитель;зеленый;пурпурный;
1240;Лук Роз;3028;Легендарный;14;Луки;Генератор;зеленый;пурпурный;
1238;Клинок Разлома;3015;Легендарный;14;Мечи;Воевода;зеленый;пурпурный;
1547;Лунный прилив;3008;Легендарный;14;Посохи;Разрушитель;зеленый;пурпурный;
1167;Жемчужина мудрости;3036;Легендарный;11;Украшения;Генератор;зеленый;пурпурный;
1374;Вестник Заката;3020;Мифический;25;Мечи;Маг;зеленый;пурпурный;коричневый
1056;Крушитель скал;3012;Легендарный;11;Молоты;Генератор;коричневый;;
1378;Клинок Нефертани;3006;Легендарный;14;Мечи;Разрушитель;коричневый;;
1031;Булава злоумышленника;3029;Редчайший;10;Булавы;Разрушитель;коричневый;;
1229;Дубина Беды;3000;Бедственный;18;Булавы;Маг;коричневый;;
1319;Том Каракота;3017;Эпический;9;Фолианты;Воин;коричневый;;
1115;Выследить жертву;3019;Эпический;14;Луки;Разрушитель;коричневый;;
1474;Болт Дездемоны;3021;Эпический;10;Луки;Разрушитель;коричневый;;
1173;Меч камня;3010;Эпический;13;Мечи;Ассасин;коричневый;;
1384;Жезл беды;3010;Бедственный;18;Посохи;Генератор;коричневый;;
1117;Рукавицы смотрителя;3008;Мифический;14;Кинжалы;Генератор;коричневый;;
1568;Заступ беды;3027;Бедственный;18;Древковые;Разрушитель;коричневый;;
1057;Камнемолот;3012;Легендарный;13;Молоты;Разрушитель;коричневый;;
1157;Око дракона;3019;Мифический;15;Украшения;Генератор;коричневый;;
1016;Великанья булава;3000;Редкий;8;Булавы;Разрушитель;коричневый;;
1010;Серебряный меч;3009;Редкий;7;Мечи;Разрушитель;коричневый;;
1071;Череп-клинок;3026;Эпический;12;Мечи;Разрушитель;коричневый;;
1185;Кодекс Беды;3018;Бедственный;18;Фолианты;Генератор;коричневый;;
1342;Пистоль Черной Метки;3026;Эпический;9;Снаряды;Воин;коричневый;;
1597;Эгида беды;3015;Бедственный;18;Щиты;Защитник;коричневый;;
1334;Палица Грош-Нака;3018;Эпический;9;Булавы;Воин;коричневый;;
1459;Танто беды;3080;Бедственный;18;Кинжалы;Ассасин;коричневый;;
1447;Молот разрушителя проклятий;3000;Бедственный;16;Молоты;Разрушитель;коричневый;;
1005;Молот жреца;3014;Обычный;5;Молоты;Разрушитель;коричневый;;
1214;Скелетный Ключ;3004;Мифический;15;Кинжалы;Ассасин;коричневый;;
1242;Обреченные Рунные Камни;3022;Бедственный;18;Украшения;Поддержка;коричневый;;
1603;Глефа Каприхора;3003;Мифический;20;Древковые;Разрушитель;коричневый;;
1396;Экспериментальный эликсир;3004;Редчайший;10;Реликвия;Генератор;коричневый;;
1522;Перстень Беды;3000;Бедственный;18;Украшения;Поддержка;коричневый;;
1477;Палящий тигль;3082;Мифический;14;Реликвия;Генератор;коричневый;;
1142;Драконатор 8000;3001;Мифический;11;Снаряды;Чародей;коричневый;;
1599;Лезвие Оссифера;3085;Мифический;20;Мечи;Воевода;коричневый;;
1114;Бада-бум;3004;Эпический;13;Снаряды;Генератор;коричневый;;
1302;Кувалда Беды;3012;Бедственный;18;Молоты;Разрушитель;коричневый;;
1336;Идол Скалы Мрака;3022;Эпический;9;Реликвия;Воин;коричневый;;
1059;Первобытный гнев;3018;Легендарный;13;Булавы;Разрушитель;коричневый;;
1025;Клинок правосудия;3030;Редчайший;9;Мечи;Разрушитель;коричневый;;
1040;Священный мститель;3025;Эпический;11;Мечи;Разрушитель;коричневый;;
1046;Костедробилка;3018;Эпический;12;Булавы;Разрушитель;коричневый;;
1221;Щит Урскограда;3010;Мифический;14;Щиты;Поддержка;коричневый;;
1337;Кинжал Песков;3024;Эпический;9;Кинжалы;Воин;коричневый;;
1158;Кузнец рун;3012;Мифический;14;Молоты;Генератор;коричневый;;
1165;Посох камня;3024;Эпический;13;Посохи;Разрушитель;коричневый;;
1119;Плетка-семихвостка;3007;Эпический;11;Булавы;Разрушитель;коричневый;;
1328;Кинжал Заеджина;3004;Эпический;9;Кинжалы;Воин;коричневый;;
1094;Хрустальный шар;3023;Эпический;10;Украшения;Генератор;коричневый;;
1326;Молот Казиела;3012;Эпический;9;Молоты;Воин;красный;;
1135;Клич военачальника;3000;Мифический;14;Топоры;Разрушитель;красный;;
1233;Арбалет Беды;3037;Бедственный;18;Луки;Маг;красный;;
1017;Кровавый топор;3018;Редкий;7;Топоры;Разрушитель;красный;;
1182;Опус Беды;3001;Бедственный;18;Фолианты;Генератор;красный;;
1618;Wild Plains Journey Weapon;3027;Легендарный;3;Топоры;Разрушитель;красный;;
1069;Снежный лиходей;3013;Эпический;11;Топоры;Разрушитель;красный;;
1621;Floral Sling;3000;Легендарный;3;Снаряды;Разрушитель;красный;;
1170;Меч огня;3001;Эпический;13;Мечи;Ассасин;красный;;
1015;Алебарда стража;3010;Редкий;7;Древковые;Разрушитель;красный;;
1619;Divinion Fields Invasion Weapon;3028;Легендарный;3;Посохи;Разрушитель;красный;;
1318;Пистолет Аданы;3001;Эпический;9;Снаряды;Воин;красный;;
1055;Свинорез;3004;Легендарный;12;Кинжалы;Разрушитель;красный;;
1002;Воинский топор;3027;Обычный;5;Топоры;Разрушитель;красный;;
1030;Алебарда могущества;3013;Редчайший;10;Древковые;Разрушитель;красный;;
1175;Зоревик;3023;Легендарный;12;Украшения;Поддержка;красный;;
1215;Пылающая Душа;3005;Мифический;14;Древковые;Маг;красный;;
1620;Floral Dagger;3000;Легендарный;3;Кинжалы;Разрушитель;красный;;
1513;Топор Огня;3000;Редчайший;8;Топоры;Разрушитель;красный;;
1064;Примитивная дубина;3000;Обычный;4;Булавы;Разрушитель;красный;;
1622;Floral Bow;3000;Мифический;3;Луки;Разрушитель;красный;;
1095;Ловец душ;3022;Эпический;13;Посохи;Чародей;красный;;
1479;Эгида Адского Кряжа;3082;Эпический;9;Щиты;Разрушитель;красный;;
1032;Топор хаоса;3005;Редчайший;9;Топоры;Разрушитель;красный;;
1096;Кинжал Кирис;3016;Эпический;10;Кинжалы;Разрушитель;красный;;
1398;Лианный хлыст;3015;Редчайший;10;Реликвия;Разрушитель;красный;;
1614;Vulpacea RB Weapon;3084;Легендарный;3;Топоры;Разрушитель;красный;;
1299;Колотушка Беды;3027;Бедственный;18;Молоты;Разрушитель;красный;;
1262;Сеятель Смерти;3035;Мифический;14;Топоры;Ассасин;красный;;
1109;Багряный орден;3008;Эпический;12;Украшения;Разрушитель;красный;;
1612;Immortal ??? Weapon;3021;Мифический;20;Реликвия;Разрушитель;красный;;
1456;Кинжал беды;3005;Бедственный;18;Кинжалы;Ассасин;красный;;
1324;Посох Вайтхельма;3014;Эпический;9;Посохи;Воин;красный;;
1605;Лук Сагиттариана;3028;Мифический;20;Луки;Разрушитель;красный;;
1162;Посох огня;3021;Эпический;13;Посохи;Разрушитель;красный;;
1381;Посох беды;3021;Бедственный;18;Посохи;Генератор;красный;;
1332;Топор Шторма;3013;Эпический;9;Топоры;Воин;красный;;
1525;Divinion Fields Weapon 1;3028;Легендарный;3;Украшения;Разрушитель;красный;;
1615;Whitehelm Journey Weapon;3014;Легендарный;3;Посохи;Разрушитель;красный;;
1348;Молот Шэньтана;3030;Эпический;9;Молоты;Воин;красный;;
1330;Палица Гульвании;3007;Эпический;9;Булавы;Воин;красный;;
1617;Sin of Maraj RB Weapon;3037;Легендарный;3;Мечи;Разрушитель;красный;;
1611;Коготь Скорпиона;3024;Мифический;20;Мечи;Воевода;красный;;
1444;Топор разрушителя проклятий;3018;Бедственный;16;Топоры;Разрушитель;красный;;
1261;Обреченный Шлем;3020;Бедственный;18;Украшения;Поддержка;красный;;
1143;Змеиный кинжал;3016;Мифический;13;Кинжалы;Ассасин;красный;;
1610;Immortal Chaos Weapon;3037;Мифический;20;Мечи;Разрушитель;красный;;
1526;Divinion Fields Weapon 2;3028;Легендарный;3;Посохи;Разрушитель;красный;;
1613;C21 Weapon;3021;Легендарный;3;Древковые;Разрушитель;красный;;
1616;Suncrest Invasion Weapon;3023;Легендарный;3;Кинжалы;Разрушитель;красный;;
1047;Голова с плеч;3027;Эпический;11;Топоры;Разрушитель;красный;;
1565;Накалыватель беды;3035;Бедственный;18;Древковые;Разрушитель;красный;;
1369;Ключ-камень;3037;Эпический;13;Реликвия;Поддержка;красный;;
1602;Посох Акварии;3080;Мифический;20;Мечи;Разрушитель;красный;;
1519;Печатка Беды;3085;Бедственный;18;Украшения;Поддержка;красный;;
1061;Летняя ярость;3002;Легендарный;15;Мечи;Маг;красный;;
1594;Стена беды;3018;Бедственный;18;Щиты;Защитник;красный;;
1045;Нечеловеческая злоба;3000;Эпический;11;Древковые;Разрушитель;красный;;
1472;Стрела Зефироса;3013;Эпический;10;Снаряды;Маг;красный;;
1058;Стена Гаарда;3014;Легендарный;10;Щиты;Защитник;красный;;
1279;Палица орочьего короля;3018;Мифический;14;Булавы;Разрушитель;красный;;
1358;Молот Силы;3015;Легендарный;14;Молоты;Ассасин;красный;желтый;
1528;Ангельская ярость;3014;Легендарный;14;Мечи;Разрушитель;красный;желтый;
1136;Фейерверк 2.0.16;3001;Легендарный;11;Снаряды;Разрушитель;красный;желтый;
1249;Бритвенные когти;3010;Легендарный;14;Топоры;Генератор;красный;желтый;
1075;Золотая шестеренка;3001;Легендарный;15;Реликвия;Поддержка;красный;желтый;
1282;Изобретение Корага;3035;Легендарный;14;Снаряды;Генератор;красный;желтый;
1293;Железная волна;3036;Легендарный;14;Щиты;Генератор;красный;желтый;
1544;Клинок Cмотрителя;3029;Легендарный;14;Мечи;Разрушитель;красный;желтый;
1421;Коготь дракона;3019;Легендарный;14;Украшения;Разрушитель;красный;желтый;
1583;Осколок луны;3011;Легендарный;14;Кинжалы;Генератор;красный;желтый;
1465;Цеп Гаарда;3006;Легендарный;14;Булавы;Генератор;красный;желтый;
1482;Рубиногрыз;3082;Легендарный;14;Украшения;Разрушитель;красный;желтый;
1437;Головотяп;3004;Легендарный;14;Топоры;Генератор;красный;желтый;
1312;Посох иных миров;3017;Легендарный;14;Посохи;Генератор;красный;желтый;
1159;Дао-какао;3030;Легендарный;15;Мечи;Разрушитель;красный;желтый;
1546;Солнечные ветра;3023;Легендарный;14;Мечи;Разрушитель;красный;желтый;
1558;Камнерез;3020;Легендарный;14;Кинжалы;Генератор;красный;желтый;
1496;Подрыватель;3035;Легендарный;14;Молоты;Генератор;красный;желтый;
1145;Огонь драконов;3019;Легендарный;14;Посохи;Чародей;красный;желтый;
1194;Разрыватель плоти;3004;Легендарный;15;Косы;Ассасин;красный;желтый;
1370;Циркулярка умельца;3001;Легендарный;14;Топоры;Разрушитель;красный;желтый;
1436;Розыгрыш и Подарочек;3007;Мифический;22;Кинжалы;Чародей;красный;желтый;пурпурный
1153;Молот Урскограда;3010;Легендарный;13;Молоты;Разрушитель;красный;коричневый;
1573;Львиный Размах;3025;Легендарный;14;Древковые;Генератор;красный;коричневый;
1530;Чешуйчатый клинок;3019;Легендарный;14;Мечи;Разрушитель;красный;коричневый;
1366;Адский Клинок;3008;Легендарный;14;Мечи;Разрушитель;красный;коричневый;
1360;Волки Ульфа;3006;Легендарный;14;Луки;Разрушитель;красный;коричневый;
1110;Кромсач;3018;Легендарный;15;Мечи;Чародей;красный;коричневый;
1463;Эбонов молот;3006;Легендарный;14;Молоты;Генератор;красный;коричневый;
1244;Перчатка Мертвых;3020;Легендарный;14;Украшения;Генератор;красный;коричневый;
1212;Клинок Вины;3037;Легендарный;14;Мечи;Ассасин;красный;коричневый;
1388;Глаз Ориона;3028;Легендарный;14;Украшения;Генератор;красный;коричневый;
1478;Молот кряжа;3082;Легендарный;15;Молоты;Генератор;красный;коричневый;
1469;Корона из рогов;3013;Легендарный;14;Булавы;Генератор;красный;коричневый;
1289;Глефа многих козлов;3003;Легендарный;14;Древковые;Генератор;красный;коричневый;
1492;Смертные Узы;3006;Легендарный;14;Булавы;Генератор;красный;коричневый;
1307;Книга Шипов;3029;Легендарный;14;Фолианты;Генератор;красный;коричневый;
1199;Ярость земли;3018;Легендарный;15;Топоры;Поддержка;красный;коричневый;
1451;Обугленный клинок;3000;Легендарный;14;Мечи;Генератор;красный;коричневый;
1127;Истребитель гоблинов;3000;Легендарный;12;Молоты;Ассасин;красный;коричневый;
1284;Волчий молот;3008;Легендарный;14;Молоты;Генератор;красный;коричневый;
1084;Наковальня могущества;3012;Легендарный;16;Реликвия;Поддержка;красный;коричневый;
1488;Кольцо кристаллического огня;3030;Легендарный;14;Украшения;Генератор;красный;пурпурный;
1210;Кровопийца;3022;Легендарный;14;Топоры;Чародей;красный;пурпурный;
1549;Костяной хлыст;3085;Легендарный;14;Снаряды;Разрушитель;красный;пурпурный;
1176;Сердце Затеноса;3021;Легендарный;15;Украшения;Маг;красный;пурпурный;
1237;Фонарь-тыква;3037;Легендарный;13;Реликвия;Чародей;красный;пурпурный;
1270;Стих Орфея;3025;Легендарный;14;Фолианты;Генератор;красный;пурпурный;
1516;Похоронные обряды;3005;Легендарный;14;Посохи;Генератор;красный;пурпурный;
1087;Предвестник смерти;3007;Легендарный;14;Реликвия;Разрушитель;красный;пурпурный;
1224;Секреты могильника;3006;Легендарный;15;Фолианты;Воевода;красный;пурпурный;
1425;Посох бурь;3023;Легендарный;14;Посохи;Генератор;красный;пурпурный;
1441;Темный молот;3012;Легендарный;14;Молоты;Разрушитель;красный;пурпурный;
1494;Скованная Тьма;3029;Легендарный;14;Посохи;Разрушитель;красный;пурпурный;
1186;Лучистый самоцвет;3003;Легендарный;14;Украшения;Генератор;красный;пурпурный;
1107;Посох безумия;3017;Легендарный;16;Посохи;Маг;красный;пурпурный;
1124;Горящая коса;3021;Легендарный;14;Косы;Маг;красный;пурпурный;
1417;Дикая Сфера;3009;Легендарный;16;Реликвия;Генератор;красный;пурпурный;
1387;Атаме теней;3022;Легендарный;14;Кинжалы;Разрушитель;красный;пурпурный;
1391;Коготь Индраджита;3005;Легендарный;14;Кинжалы;Разрушитель;красный;пурпурный;
1351;Кубок Глаз;3022;Легендарный;14;Реликвия;Поддержка;красный;пурпурный;
1313;Восьмой грех;3037;Легендарный;14;Украшения;Воевода;красный;пурпурный;
1123;Пески времен;3024;Легендарный;12;Реликвия;Поддержка;красный;пурпурный;
1050;Чарострел;3022;Эпический;10;Посохи;Маг;пурпурный;;
1035;Посох мага;3009;Редчайший;9;Посохи;Маг;пурпурный;;
1339;Кубок Гор;3011;Эпический;9;Реликвия;Воин;пурпурный;;
1550;Срез Ночи;3085;Мифический;15;Кинжалы;Разрушитель;пурпурный;;
1236;Котел Беды;3017;Бедственный;18;Реликвия;Поддержка;пурпурный;;
1028;Книга волшебства;3036;Редчайший;7;Фолианты;Генератор;пурпурный;;
1347;Посох Ярколесья;3002;Эпический;9;Посохи;Воин;пурпурный;;
1051;Коса Мортани;3007;Легендарный;15;Косы;Маг;пурпурный;;
1048;Хватка смерти;3024;Эпический;14;Косы;Маг;пурпурный;;
1033;Коса развращения;3022;Редчайший;13;Косы;Маг;пурпурный;;
1321;Посох Полей;3028;Эпический;9;Посохи;Воин;пурпурный;;
1013;Пыльный том;3029;Редкий;6;Фолианты;Генератор;пурпурный;;
1338;Коса Отравы;3021;Эпический;9;Косы;Воин;пурпурный;;
1446;Жезл разрушителя проклятий;3009;Бедственный;16;Посохи;Разрушитель;пурпурный;;
1280;Жатва Греха;3037;Мифический;14;Косы;Воевода;пурпурный;;
1164;Посох тьмы;3029;Эпический;13;Посохи;Разрушитель;пурпурный;;
1172;Меч тьмы;3022;Эпический;13;Мечи;Ассасин;пурпурный;;
1458;Крис беды;3026;Бедственный;18;Кинжалы;Ассасин;пурпурный;;
1596;Щит беды;3000;Бедственный;18;Щиты;Защитник;пурпурный;;
1072;Паучий поцелуй;3029;Легендарный;14;Кинжалы;Разрушитель;пурпурный;;
1383;Скипетр беды;3037;Бедственный;18;Посохи;Генератор;пурпурный;;
1600;Клинок Люцифы;3030;Мифический;20;Мечи;Разрушитель;пурпурный;;
1509;Метка вампира;3008;Редчайший;10;Луки;Разрушитель;пурпурный;;
1598;Булава Эмпириона;3080;Мифический;20;Булавы;Генератор;пурпурный;;
1301;Таран Беды;3029;Бедственный;18;Молоты;Разрушитель;пурпурный;;
1395;Белая эгида;3014;Редчайший;8;Щиты;Поддержка;пурпурный;;
1475;Крыло Сверкочешуя;3002;Эпический;12;Щиты;Поддержка;пурпурный;;
1397;Копье темного пламени;3000;Редчайший;10;Древковые;Чародей;пурпурный;;
1118;Клинок хаоса;3021;Эпический;11;Мечи;Разрушитель;пурпурный;;
1004;Волшебная палочка;3017;Обычный;5;Посохи;Маг;пурпурный;;
1521;Кольцо Беды;3022;Бедственный;18;Украшения;Поддержка;пурпурный;;
1018;Зловещая коса;3016;Редкий;10;Косы;Маг;пурпурный;;
1247;Демонический огонь;3021;Мифический;14;Косы;Маг;пурпурный;;
1063;Череп Ниши;3022;Легендарный;15;Реликвия;Воевода;пурпурный;;
1066;Тихая ночь;3011;Эпический;12;Посохи;Чародей;пурпурный;;
1043;Потерянный фолиант;3017;Эпический;10;Фолианты;Генератор;пурпурный;;
1377;Скарабей Нефертани;3024;Легендарный;14;Украшения;Чародей;пурпурный;;
1146;Посох предвидения;3028;Мифический;12;Посохи;Поддержка;пурпурный;;
1140;Ползучая смерть;3020;Мифический;14;Косы;Чародей;пурпурный;;
1258;Обреченная Коса;3007;Бедственный;18;Косы;Маг;пурпурный;;
1020;Духовный посох;3036;Редкий;7;Посохи;Маг;пурпурный;;
1139;Демономикон;3017;Мифический;16;Фолианты;Воевода;пурпурный;;
1120;Череполом;3018;Эпический;13;Топоры;Генератор;пурпурный;;
1350;Коса Греха;3037;Эпический;9;Косы;Воин;пурпурный;;
1263;Отражение Добра;3009;Мифический;15;Реликвия;Генератор;пурпурный;;
1349;Топор Драк-Зума;3035;Эпический;9;Топоры;Воин;пурпурный;;
1147;Хранитель склепа;3007;Мифический;13;Булавы;Ассасин;пурпурный;;
1184;Хроника Беды;3028;Бедственный;18;Фолианты;Генератор;пурпурный;;
1567;Вульж беды;3037;Бедственный;18;Древковые;Разрушитель;пурпурный;;
1202;Бич титанов;3035;Легендарный;13;Топоры;Воин;пурпурный;коричневый;
1216;Меч-трость;3006;Легендарный;14;Мечи;Генератор;пурпурный;коричневый;
1365;Память камня;3017;Легендарный;15;Фолианты;Чародей;пурпурный;коричневый;
1076;Сфера антимагии;3017;Легендарный;18;Реликвия;Чародей;пурпурный;коричневый;
1129;Черные оковы;3022;Легендарный;15;Украшения;Ассасин;пурпурный;коричневый;
1557;Путь Волка;3008;Легендарный;14;Мечи;Разрушитель;пурпурный;коричневый;
1292;Дубовая корона;3015;Легендарный;14;Украшения;Генератор;пурпурный;коричневый;
1585;Посох Чернодрева;3085;Легендарный;14;Посохи;Маг;пурпурный;коричневый;
1252;Жизнь и смерть;3009;Легендарный;18;Посохи;Чародей;пурпурный;коричневый;
1532;Путеводная Звезда;3000;Легендарный;14;Реликвия;Воевода;пурпурный;коричневый;
1205;Шпиль Смерти;3021;Легендарный;15;Косы;Маг;пурпурный;коричневый;
1484;Обсидиановый кодекс;3082;Легендарный;14;Фолианты;Генератор;пурпурный;коричневый;
1264;Капитанская сабля;3026;Легендарный;14;Мечи;Генератор;пурпурный;коричневый;
1193;Меч-крюк;3030;Легендарный;14;Мечи;Генератор;пурпурный;коричневый;
1411;Разрубатель Королей;3018;Легендарный;14;Топоры;Генератор;пурпурный;коричневый;
1390;Гигантоманический тесак;3013;Легендарный;14;Топоры;Генератор;пурпурный;коричневый;
1562;Темпоральная коса;3085;Легендарный;14;Косы;Разрушитель;пурпурный;коричневый;
1400;Печатка пирата;3026;Легендарный;14;Украшения;Генератор;пурпурный;коричневый;
1432;Палица Волкана;3080;Легендарный;14;Булавы;Разрушитель;пурпурный;коричневый;
1464;Маргаритка;3003;Легендарный;14;Булавы;Генератор;пурпурный;коричневый;
1485;Ониксовый клинок;3013;Легендарный;14;Мечи;Разрушитель;пурпурный;коричневый;
1316;Светлячок;3028;Легендарный;14;Украшения;Генератор;пурпурный;коричневый;
1523;Искромолот;3001;Легендарный;14;Молоты;Поддержка;пурпурный;коричневый;
1137;Служить и защищать;3006;Мифический;14;Щиты;Защитник;синий;;
1454;Кортик беды;3036;Бедственный;18;Кинжалы;Ассасин;синий;;
1422;Громоотвод;3001;Редчайший;9;Древковые;Разрушитель;синий;;
1323;Лук Колючек;3015;Эпический;9;Луки;Воин;синий;;
1230;Топор Шпиля;3000;Эпический;9;Топоры;Воин;синий;;
1037;Проклятие призрака;3035;Эпический;12;Мечи;Разрушитель;синий;;
1592;Защитник беды;3007;Бедственный;18;Щиты;Защитник;синий;;
1604;Весы Либары;3014;Мифический;20;Реликвия;Разрушитель;синий;;
1111;Расколотый клинок;3021;Легендарный;12;Реликвия;Маг;синий;;
1092;Глубинный камень;3012;Эпический;9;Украшения;Генератор;синий;;
1517;Реликвия Беды;3035;Бедственный;18;Украшения;Поддержка;синий;;
1256;Три сестры;3036;Мифический;13;Древковые;Разрушитель;синий;;
1253;Воруй-убивай;3026;Мифический;14;Снаряды;Разрушитель;синий;;
1168;Меч мороза;3026;Эпический;13;Мечи;Ассасин;синий;;
1148;Тородин;3013;Мифический;14;Топоры;Разрушитель;синий;;
1327;Коса Кетара;3020;Эпический;9;Косы;Воин;синий;;
1068;Иссушающее прикосновение;3020;Легендарный;14;Реликвия;Чародей;синий;;
1036;Глашатай теней;3016;Эпический;11;Кинжалы;Разрушитель;синий;;
1379;Палочка беды;3013;Бедственный;18;Посохи;Генератор;синий;;
1442;Меч разрушителя проклятий;3006;Бедственный;16;Мечи;Разрушитель;синий;;
1499;Сфера Лисиции;3084;Эпический;9;Реликвия;Разрушитель;синий;;
1609;Чакрамы Ракии;3025;Мифический;20;Реликвия;Генератор;синий;;
1427;Стихийный размах;3080;Мифический;14;Древковые;Разрушитель;синий;;
1000;Рыцарский меч;3025;Обычный;5;Мечи;Разрушитель;синий;;
1006;Черный кинжал;3004;Редкий;7;Кинжалы;Разрушитель;синий;;
1297;Чекан Беды;3013;Бедственный;18;Молоты;Разрушитель;синий;;
1180;Фолиант Беды;3020;Бедственный;18;Фолианты;Генератор;синий;;
1322;Кинжал Тумана;3016;Эпический;9;Кинжалы;Воин;синий;;
1024;Злосчастный хопеш;3020;Редчайший;9;Мечи;Разрушитель;синий;;
1007;Мстительный фальшион;3026;Редкий;7;Мечи;Разрушитель;синий;;
1052;Скипетр Ану;3006;Легендарный;9;Посохи;Генератор;синий;;
1022;Королевский фальшион;3035;Редчайший;9;Мечи;Разрушитель;синий;;
1009;Демонический хопеш;3021;Редкий;7;Мечи;Разрушитель;синий;;
1471;Клинок Аркануса;3009;Эпический;10;Мечи;Разрушитель;синий;;
1601;Самоцвет Терры;3082;Мифический;20;Украшения;Разрушитель;синий;;
1514;Меч Льда;3011;Редчайший;8;Мечи;Разрушитель;синий;;
1021;Кинжал пустоты;3017;Редчайший;9;Кинжалы;Разрушитель;синий;;
1333;Кинжал Могрима;3008;Эпический;9;Кинжалы;Воин;синий;;
1226;Клинок Беды;3035;Бедственный;18;Мечи;Маг;синий;;
1060;Зимнее горе;3011;Легендарный;13;Мечи;Чародей;синий;;
1219;Символ Ану;3025;Мифический;14;Украшения;Чародей;синий;;
1166;Меч Героев;3006;Обычный;4;Мечи;Разрушитель;синий;;
1560;Ужас Полуночного;3085;Эпический;8;Украшения;Разрушитель;синий;;
1563;Корсека беды;3006;Бедственный;18;Древковые;Разрушитель;синий;;
1160;Посох мороза;3011;Эпический;13;Посохи;Разрушитель;синий;;
1039;Львиный коготь;3025;Эпический;10;Мечи;Разрушитель;синий;;
1259;Обреченная Маска;3009;Бедственный;18;Украшения;Поддержка;синий;;
1218;Сфера Зимы;3011;Мифический;14;Реликвия;Маг;синий;;
1131;Лев и тигр;3025;Легендарный;12;Мечи;Чародей;синий;желтый;
1529;Жуткая аркебуза;3019;Легендарный;14;Снаряды;Разрушитель;синий;желтый;
1228;Дротик-на-веревке;3005;Легендарный;14;Снаряды;Чародей;синий;желтый;
1363;Ангел Смерти;3014;Легендарный;14;Мечи;Разрушитель;синий;желтый;
1290;Кошачья лапа;3005;Легендарный;14;Булавы;Генератор;синий;желтый;
1512;Крылья разрушения;3019;Легендарный;14;Топоры;Генератор;синий;желтый;
1591;Знакомая дорога;3028;Легендарный;14;Молоты;Разрушитель;синий;желтый;
1467;Слезы сестер;3082;Легендарный;15;Реликвия;Поддержка;синий;желтый;
1287;Сфера зеркал;3011;Легендарный;16;Реликвия;Поддержка;синий;желтый;
1309;Кольцо фей;3002;Легендарный;14;Украшения;Генератор;синий;желтый;
1198;Защитник океана;3026;Легендарный;15;Щиты;Защитник;синий;желтый;
1154;Яйцо с сюрпризом;3019;Легендарный;14;Реликвия;Генератор;синий;желтый;
1089;Клинок души;3006;Легендарный;12;Мечи;Разрушитель;синий;желтый;
1448;Гоблотык;3004;Легендарный;14;Кинжалы;Генератор;синий;желтый;
1433;Том Океаны;3080;Легендарный;14;Фолианты;Генератор;синий;желтый;
1209;Небесный герой;3030;Легендарный;13;Древковые;Генератор;синий;желтый;
1403;Тыц!;3000;Легендарный;14;Булавы;Генератор;синий;желтый;
1487;Кольцо кристаллического льда;3035;Легендарный;14;Украшения;Генератор;синий;желтый;
1267;Злопамятень;3012;Легендарный;14;Щиты;Генератор;синий;желтый;
1294;Самоцвет Ледяного Пламени;3013;Легендарный;14;Украшения;Разрушитель;синий;желтый;
1356;Собачье лезвие;3008;Легендарный;14;Мечи;Генератор;синий;желтый;
1561;Руки времени;3085;Легендарный;14;Мечи;Разрушитель;синий;желтый;
1498;Защитник из лисьего народа;3084;Легендарный;14;Щиты;Защитник;синий;зеленый;
1156;Бранзулетка;3036;Легендарный;14;Реликвия;Разрушитель;синий;зеленый;
1582;Костяной молот;3012;Легендарный;14;Молоты;Разрушитель;синий;зеленый;
1192;Божественный защитник;3014;Легендарный;14;Щиты;Генератор;синий;зеленый;
1569;Тесак чемпиона;3022;Легендарный;14;Топоры;Генератор;синий;зеленый;
1082;Убийственная стрела;3015;Легендарный;18;Луки;Разрушитель;синий;зеленый;
1414;Выброс желе;3018;Легендарный;15;Снаряды;Генератор;синий;зеленый;
1572;Кряжелом;3082;Легендарный;14;Молоты;Разрушитель;синий;зеленый;
1080;Ледяная стрела;3008;Легендарный;14;Луки;Ассасин;синий;зеленый;
1449;Клюка повелителя гробниц;3020;Легендарный;14;Посохи;Генератор;синий;зеленый;
1431;Клинок Торна;3080;Легендарный;14;Мечи;Разрушитель;синий;зеленый;
1542;Зеленящий разоритель;3028;Легендарный;14;Топоры;Разрушитель;синий;зеленый;
1364;Кобальтиновый жезл;3030;Легендарный;14;Посохи;Разрушитель;синий;зеленый;
1303;Серп Греха;3037;Легендарный;14;Кинжалы;Генератор;синий;зеленый;
1222;Банка с глазами;3022;Легендарный;16;Реликвия;Генератор;синий;зеленый;
1357;Бич дьяволов;3008;Легендарный;14;Мечи;Ассасин;синий;зеленый;
1265;Сверлострел;3001;Легендарный;14;Снаряды;Генератор;синий;зеленый;
1401;Дрель инженера;3001;Легендарный;14;Кинжалы;Генератор;синий;зеленый;
1424;Острокоготь;3024;Легендарный;14;Кинжалы;Генератор;синий;зеленый;
1539;Хранитель Времени;3024;Легендарный;14;Реликвия;Ассасин;синий;зеленый;
1243;Шипастая палица;3018;Легендарный;14;Булавы;Генератор;синий;зеленый;
1548;Сходящая орбита;3028;Мифический;22;Древковые;Разрушитель;синий;зеленый;желтый
1489;Бриллиантовое кольцо льда и пламени;3019;Мифический;20;Украшения;Генератор;синий;зеленый;красный
1537;Серебряная сабля;3009;Легендарный;14;Мечи;Разрушитель;синий;коричневый;
1150;Бронзовый пистолет;3026;Легендарный;12;Снаряды;Генератор;синий;коричневый;
1102;Медвежий тотем;3010;Легендарный;9;Реликвия;Разрушитель;синий;коричневый;
1308;Костескреб;3018;Легендарный;14;Кинжалы;Генератор;синий;коричневый;
1283;Цепкий гримуар;3017;Легендарный;14;Фолианты;Генератор;синий;коричневый;
1187;Звериный лук;3005;Легендарный;14;Луки;Генератор;синий;коричневый;
1207;Яростень;3027;Легендарный;15;Топоры;Разрушитель;синий;коричневый;
1461;Разящие Угли;3000;Легендарный;14;Топоры;Генератор;синий;коричневый;
1074;Сердце Шеггры;3000;Легендарный;14;Реликвия;Поддержка;синий;коричневый;
1393;Клинок-скарабей;3020;Легендарный;14;Кинжалы;Генератор;синий;коричневый;
1428;Баланс стихий;3080;Легендарный;12;Украшения;Генератор;синий;коричневый;
1554;Клинок барсука;3015;Легендарный;14;Топоры;Разрушитель;синий;коричневый;
1413;Роза Льва;3025;Легендарный;14;Молоты;Разрушитель;синий;коричневый;
1468;Кольцо Медузы;3016;Легендарный;14;Украшения;Разрушитель;синий;коричневый;
1402;Дикий тесак;3027;Легендарный;14;Топоры;Генератор;синий;коричневый;
1497;Шип Богов;3015;Легендарный;14;Кинжалы;Генератор;синий;коричневый;
1495;Стеноруб;3018;Легендарный;14;Топоры;Генератор;синий;коричневый;
1543;Ледокол;3011;Легендарный;14;Луки;Разрушитель;синий;коричневый;
1227;Вулканический Щит;3019;Легендарный;15;Щиты;Поддержка;синий;коричневый;
1225;Извивающийся посох;3036;Легендарный;14;Посохи;Воевода;синий;коричневый;
1315;Инфернальный вульж;3017;Легендарный;14;Древковые;Генератор;синий;коричневый;
1531;Жуткая сабля;3021;Легендарный;14;Мечи;Разрушитель;синий;красный;
1250;Кровожадный топор;3020;Легендарный;14;Топоры;Воин;синий;красный;
1304;Жалящий ветер;3024;Легендарный;14;Снаряды;Генератор;синий;красный;
1510;Шквал роз;3002;Легендарный;14;Посохи;Генератор;синий;красный;
1081;Сосуд зла;3016;Легендарный;14;Реликвия;Чародей;синий;красный;
1272;Последняя гавань;3002;Легендарный;14;Булавы;Ассасин;синий;красный;
1581;Язык пламени;3080;Легендарный;14;Древковые;Разрушитель;синий;красный;
1404;Утренний Клинок;3023;Легендарный;15;Мечи;Генератор;синий;красный;
1418;Небесный сосуд;3002;Легендарный;14;Реликвия;Генератор;синий;красный;
1291;Топор севера;3010;Легендарный;14;Топоры;Генератор;синий;красный;
1105;Костяной щит;3020;Легендарный;14;Щиты;Разрушитель;синий;красный;
1208;Ледяная Эгида;3013;Легендарный;15;Щиты;Чародей;синий;красный;
1574;Клинок ледяной молнии;3013;Легендарный;14;Древковые;Разрушитель;синий;красный;
1588;Кровавая зараза;3021;Легендарный;14;Топоры;Разрушитель;синий;красный;
1453;Рунный карабин;3001;Легендарный;14;Снаряды;Генератор;синий;красный;
1099;Пламень и Лед;3035;Легендарный;16;Мечи;Маг;синий;красный;
1430;Хлыст Тайда;3080;Легендарный;14;Реликвия;Маг;синий;красный;
1121;Трезубец Ундины;3036;Легендарный;12;Древковые;Ассасин;синий;красный;
1241;Кристальный топор;3024;Легендарный;14;Топоры;Генератор;синий;красный;
1540;Кроводав;3007;Легендарный;14;Молоты;Разрушитель;синий;красный;
1412;Посох старого волхва;3017;Легендарный;14;Посохи;Генератор;синий;красный;
1079;Убийца королей;3013;Легендарный;15;Мечи;Разрушитель;синий;красный;
1452;Шоковый молот;3001;Легендарный;15;Молоты;Генератор;синий;красный;
1373;Рассекатель Рогов;3027;Легендарный;14;Топоры;Генератор;синий;красный;
1113;Вестник рассвета;3002;Мифический;20;Мечи;Маг;синий;красный;желтый
1538;Рубиновая Обезьяна;3026;Мифический;22;Реликвия;Маг;синий;красный;коричневый
1213;Фолиант Греха;3037;Легендарный;14;Фолианты;Воевода;синий;пурпурный;
1275;Кинжал ночи;3025;Легендарный;14;Кинжалы;Ассасин;синий;пурпурный;
1533;Камнетык;3004;Легендарный;14;Кинжалы;Генератор;синий;пурпурный;
1466;Кровопыт;3007;Легендарный;14;Мечи;Разрушитель;синий;пурпурный;
1500;Лисья наперстянка;3084;Легендарный;14;Украшения;Генератор;синий;пурпурный;
1132;Ледяной кинжал;3011;Легендарный;12;Кинжалы;Ассасин;синий;пурпурный;
1090;Фиал;3020;Легендарный;14;Реликвия;Поддержка;синий;пурпурный;
1196;Стена забвения;3007;Легендарный;15;Щиты;Чародей;синий;пурпурный;
1354;Древесный кристалл;3011;Легендарный;14;Украшения;Генератор;синий;пурпурный;
1386;Щит Чешуйчатой Стражи;3016;Легендарный;14;Щиты;Генератор;синий;пурпурный;
1435;Рог Черносерда;3026;Легендарный;14;Кинжалы;Ассасин;синий;пурпурный;
1352;Запретный том;3035;Легендарный;14;Фолианты;Чародей;синий;пурпурный;
1134;Клинок купца;3025;Легендарный;12;Мечи;Разрушитель;синий;пурпурный;
1559;Пески Полуночного;3085;Легендарный;14;Реликвия;Разрушитель;синий;пурпурный;
1527;Ангельская вера;3014;Легендарный;14;Щиты;Поддержка;синий;пурпурный;
1104;Око Затеноса;3020;Легендарный;15;Украшения;Ассасин;синий;пурпурный;
1405;Клинок Наступающей Ночи;3029;Легендарный;14;Кинжалы;Чародей;синий;пурпурный;
1480;Оберег лунного камня;3082;Легендарный;14;Реликвия;Генератор;синий;пурпурный;
1266;Каменный резец;3035;Легендарный;14;Кинжалы;Генератор;синий;пурпурный;
1490;Совет драконов;3012;Легендарный;14;Посохи;Генератор;синий;пурпурный;
1584;Острый риф;3036;Легендарный;14;Мечи;Разрушитель;синий;пурпурный;
